datetime,Temp,Humidity,Precip,Weather,date,RainTomorrowMorning
2025-07-27 00:00:00,23.1,91,0.0,Overcast,2025-07-27,0
2025-07-27 01:00:00,23.0,92,0.0,Overcast,2025-07-27,0
2025-07-27 02:00:00,22.9,93,0.0,Cloudy,2025-07-27,0
2025-07-27 03:00:00,22.9,92,0.0,Cloudy,2025-07-27,0
2025-07-27 04:00:00,23.0,92,0.0,Cloudy,2025-07-27,0
2025-07-27 05:00:00,23.2,91,0.0,Partly cloudy,2025-07-27,0
2025-07-27 06:00:00,23.5,86,0.0,Partly cloudy,2025-07-27,0
2025-07-27 07:00:00,23.7,84,0.0,Partly cloudy,2025-07-27,0
2025-07-27 08:00:00,25.4,81,0.0,Sunny,2025-07-27,0
2025-07-27 09:00:00,27.0,74,0.0,Sunny,2025-07-27,0
2025-07-27 10:00:00,28.5,70,0.0,Sunny,2025-07-27,0
2025-07-27 11:00:00,30.1,67,0.0,Sunny,2025-07-27,0
2025-07-27 12:00:00,31.3,59,0.0,Sunny,2025-07-27,0
2025-07-27 13:00:00,32.2,56,0.0,Sunny,2025-07-27,0
2025-07-27 14:00:00,32.9,52,0.0,Sunny,2025-07-27,0
2025-07-27 15:00:00,33.4,49,0.0,Sunny,2025-07-27,0
2025-07-27 16:00:00,33.8,47,0.0,Sunny,2025-07-27,0
2025-07-27 17:00:00,33.1,45,0.0,Sunny,2025-07-27,0
2025-07-27 18:00:00,32.3,47,0.0,Sunny,2025-07-27,0
2025-07-27 19:00:00,31.4,48,0.0,Sunny,2025-07-27,0
2025-07-27 20:00:00,30.2,48,0.0,Sunny,2025-07-27,0
2025-07-27 21:00:00,29.1,57,0.0,Clear,2025-07-27,0
2025-07-27 22:00:00,26.4,61,0.0,Clear,2025-07-27,0
2025-07-27 23:00:00,26.0,89,0.0,Overcast,2025-07-27,0
2025-07-28 00:00:00,24.2,86,0.0,Clear,2025-07-28,0
2025-07-28 01:00:00,23.4,89,0.0,Clear,2025-07-28,0
2025-07-28 02:00:00,22.3,91,0.0,Clear,2025-07-28,0
2025-07-28 03:00:00,21.4,94,0.0,Cloudy,2025-07-28,0
2025-07-28 04:00:00,20.7,95,0.0,Cloudy,2025-07-28,0
2025-07-28 05:00:00,20.3,96,0.0,Mist,2025-07-28,0
2025-07-28 06:00:00,20.1,96,0.0,Mist,2025-07-28,0
2025-07-28 07:00:00,20.1,96,0.0,Mist,2025-07-28,0
2025-07-28 08:00:00,20.9,96,0.0,Mist,2025-07-28,0
2025-07-28 09:00:00,21.8,88,0.0,Mist,2025-07-28,0
2025-07-28 10:00:00,22.6,85,0.0,Mist,2025-07-28,0
2025-07-28 11:00:00,24.5,81,0.0,Partly cloudy,2025-07-28,0
2025-07-28 12:00:00,26.1,71,0.0,Partly cloudy,2025-07-28,0
2025-07-28 13:00:00,27.6,66,0.0,Partly cloudy,2025-07-28,0
2025-07-28 14:00:00,28.6,61,0.0,Sunny,2025-07-28,0
2025-07-28 15:00:00,29.2,61,0.0,Sunny,2025-07-28,0
2025-07-28 16:00:00,29.6,60,0.0,Sunny,2025-07-28,0
2025-07-28 17:00:00,29.6,60,0.0,Sunny,2025-07-28,0
2025-07-28 18:00:00,29.5,62,0.0,Sunny,2025-07-28,0
2025-07-28 19:00:00,29.4,63,0.0,Partly cloudy,2025-07-28,0
2025-07-28 20:00:00,28.9,64,0.0,Partly cloudy,2025-07-28,0
2025-07-28 21:00:00,28.5,69,0.0,Partly cloudy,2025-07-28,0
2025-07-28 22:00:00,27.1,71,0.0,Partly cloudy,2025-07-28,0
2025-07-28 23:00:00,26.8,81,0.0,Clear,2025-07-28,0
2025-07-29 00:00:00,25.2,86,0.0,Partly cloudy,2025-07-29,0
2025-07-29 01:00:00,24.8,88,0.0,Partly cloudy,2025-07-29,0
2025-07-29 02:00:00,24.5,90,0.0,Partly cloudy,2025-07-29,0
2025-07-29 03:00:00,24.3,90,0.0,Partly cloudy,2025-07-29,0
2025-07-29 04:00:00,24.2,91,0.0,Partly cloudy,2025-07-29,0
2025-07-29 05:00:00,24.2,91,0.0,Partly cloudy,2025-07-29,0
2025-07-29 06:00:00,24.3,89,0.0,Partly cloudy,2025-07-29,0
2025-07-29 07:00:00,24.5,88,0.0,Partly cloudy,2025-07-29,0
2025-07-29 08:00:00,26.0,87,0.0,Partly cloudy,2025-07-29,0
2025-07-29 09:00:00,27.5,78,0.0,Partly cloudy,2025-07-29,0
2025-07-29 10:00:00,29.0,74,0.0,Partly cloudy,2025-07-29,0
2025-07-29 11:00:00,30.3,70,0.0,Thundery outbreaks possible,2025-07-29,0
2025-07-29 12:00:00,31.2,62,0.0,Thundery outbreaks possible,2025-07-29,0
2025-07-29 13:00:00,32.0,58,0.0,Thundery outbreaks possible,2025-07-29,0
2025-07-29 14:00:00,32.2,54,0.0,Thundery outbreaks possible,2025-07-29,0
2025-07-29 15:00:00,32.2,51,0.0,Thundery outbreaks possible,2025-07-29,0
2025-07-29 16:00:00,32.2,49,0.0,Thundery outbreaks possible,2025-07-29,0
2025-07-29 17:00:00,31.5,48,0.0,Cloudy,2025-07-29,0
2025-07-29 18:00:00,30.9,50,0.0,Cloudy,2025-07-29,0
2025-07-29 19:00:00,30.2,51,0.0,Cloudy,2025-07-29,0
2025-07-29 20:00:00,29.0,53,0.0,Partly cloudy,2025-07-29,0
2025-07-29 21:00:00,27.9,59,0.0,Partly cloudy,2025-07-29,0
2025-07-29 22:00:00,26.7,63,0.0,Partly cloudy,2025-07-29,0
2025-07-29 23:00:00,25.4,82,0.0,Partly cloudy,2025-07-29,0
2025-07-30 00:00:00,26.6,63,0.0,Clear,2025-07-30,0
2025-07-30 01:00:00,25.8,67,0.0,Clear,2025-07-30,0
2025-07-30 02:00:00,25.2,69,0.0,Clear,2025-07-30,0
2025-07-30 03:00:00,24.5,70,0.0,Clear,2025-07-30,0
2025-07-30 04:00:00,23.3,73,0.0,Clear,2025-07-30,0
2025-07-30 05:00:00,22.4,77,0.0,Clear,2025-07-30,0
2025-07-30 06:00:00,22.0,79,0.0,Clear,2025-07-30,0
2025-07-30 07:00:00,22.5,79,0.0,Sunny,2025-07-30,0
2025-07-30 08:00:00,23.4,75,0.0,Sunny,2025-07-30,0
2025-07-30 09:00:00,24.6,70,0.0,Sunny,2025-07-30,0
2025-07-30 10:00:00,25.6,64,0.0,Partly cloudy,2025-07-30,0
2025-07-30 11:00:00,26.9,65,0.0,Cloudy,2025-07-30,0
2025-07-30 12:00:00,29.0,60,0.0,Partly cloudy,2025-07-30,0
2025-07-30 13:00:00,30.6,55,0.0,Sunny,2025-07-30,0
2025-07-30 14:00:00,30.6,52,0.0,Sunny,2025-07-30,0
2025-07-30 15:00:00,30.0,51,0.0,Sunny,2025-07-30,0
2025-07-30 16:00:00,29.2,54,0.0,Partly cloudy,2025-07-30,0
2025-07-30 17:00:00,27.2,58,0.0,Cloudy,2025-07-30,0
2025-07-30 18:00:00,26.4,76,0.0,Cloudy,2025-07-30,0
2025-07-30 19:00:00,26.4,71,0.0,Overcast,2025-07-30,0
2025-07-30 20:00:00,26.0,62,0.0,Overcast,2025-07-30,0
2025-07-30 21:00:00,25.1,62,0.0,Cloudy,2025-07-30,0
2025-07-30 22:00:00,24.4,64,0.0,Cloudy,2025-07-30,0
2025-07-30 23:00:00,23.8,61,0.0,Overcast,2025-07-30,0
2025-07-31 00:00:00,23.1,61,0.0,Partly cloudy,2025-07-31,0
2025-07-31 01:00:00,22.5,62,0.0,Partly cloudy,2025-07-31,0
2025-07-31 02:00:00,21.9,64,0.0,Partly cloudy,2025-07-31,0
2025-07-31 03:00:00,21.3,63,0.0,Clear,2025-07-31,0
2025-07-31 04:00:00,21.0,62,0.0,Clear,2025-07-31,0
2025-07-31 05:00:00,20.7,58,0.0,Partly cloudy,2025-07-31,0
2025-07-31 06:00:00,20.6,55,0.0,Overcast,2025-07-31,0
2025-07-31 07:00:00,20.9,53,0.0,Overcast,2025-07-31,0
2025-07-31 08:00:00,21.2,51,0.0,Overcast,2025-07-31,0
2025-07-31 09:00:00,21.5,51,0.0,Overcast,2025-07-31,0
2025-07-31 10:00:00,22.0,51,0.0,Overcast,2025-07-31,0
2025-07-31 11:00:00,23.0,49,0.0,Overcast,2025-07-31,0
2025-07-31 12:00:00,23.8,44,0.0,Overcast,2025-07-31,0
2025-07-31 13:00:00,24.3,42,0.0,Overcast,2025-07-31,0
2025-07-31 14:00:00,24.7,41,0.0,Overcast,2025-07-31,0
2025-07-31 15:00:00,24.9,42,0.0,Overcast,2025-07-31,0
2025-07-31 16:00:00,25.2,42,0.0,Overcast,2025-07-31,0
2025-07-31 17:00:00,24.7,42,0.0,Partly cloudy,2025-07-31,0
2025-07-31 18:00:00,24.1,47,0.0,Partly cloudy,2025-07-31,0
2025-07-31 19:00:00,23.5,49,0.0,Partly cloudy,2025-07-31,0
2025-07-31 20:00:00,22.8,51,0.0,Sunny,2025-07-31,0
2025-07-31 21:00:00,22.3,56,0.0,Clear,2025-07-31,0
2025-07-31 22:00:00,20.9,59,0.0,Clear,2025-07-31,0
2025-07-31 23:00:00,20.8,48,0.0,Clear,2025-07-31,0
2025-08-01 00:00:00,20.5,59,0.0,Clear,2025-08-01,0
2025-08-01 01:00:00,20.1,58,0.0,Clear,2025-08-01,0
2025-08-01 02:00:00,19.4,57,0.0,Clear,2025-08-01,0
2025-08-01 03:00:00,18.8,60,0.0,Clear,2025-08-01,0
2025-08-01 04:00:00,18.2,61,0.0,Clear,2025-08-01,0
2025-08-01 05:00:00,18.0,63,0.0,Clear,2025-08-01,0
2025-08-01 06:00:00,17.9,61,0.0,Clear,2025-08-01,0
2025-08-01 07:00:00,18.0,60,0.0,Sunny,2025-08-01,0
2025-08-01 08:00:00,18.9,59,0.0,Sunny,2025-08-01,0
2025-08-01 09:00:00,19.9,52,0.0,Sunny,2025-08-01,0
2025-08-01 10:00:00,20.8,49,0.0,Sunny,2025-08-01,0
2025-08-01 11:00:00,22.2,46,0.0,Sunny,2025-08-01,0
2025-08-01 12:00:00,23.3,41,0.0,Sunny,2025-08-01,0
2025-08-01 13:00:00,24.3,38,0.0,Sunny,2025-08-01,0
2025-08-01 14:00:00,25.4,36,0.0,Sunny,2025-08-01,0
2025-08-01 15:00:00,26.2,35,0.0,Sunny,2025-08-01,0
2025-08-01 16:00:00,26.9,35,0.0,Sunny,2025-08-01,0
2025-08-01 17:00:00,26.3,34,0.0,Sunny,2025-08-01,0
2025-08-01 18:00:00,25.4,36,0.0,Sunny,2025-08-01,0
2025-08-01 19:00:00,24.5,38,0.0,Sunny,2025-08-01,0
2025-08-01 20:00:00,23.4,39,0.0,Sunny,2025-08-01,0
2025-08-01 21:00:00,22.5,44,0.0,Clear,2025-08-01,0
2025-08-01 22:00:00,22.0,47,0.0,Partly cloudy,2025-08-01,0
2025-08-01 23:00:00,20.8,62,0.0,Clear,2025-08-01,0
2025-08-02 00:00:00,19.1,54,0.0,Clear,2025-08-02,0
2025-08-02 01:00:00,18.4,57,0.0,Clear,2025-08-02,0
2025-08-02 02:00:00,17.9,60,0.0,Clear,2025-08-02,0
2025-08-02 03:00:00,17.3,64,0.0,Clear,2025-08-02,0
2025-08-02 04:00:00,16.8,67,0.0,Clear,2025-08-02,0
2025-08-02 05:00:00,16.4,70,0.0,Clear,2025-08-02,0
2025-08-02 06:00:00,16.2,72,0.0,Clear,2025-08-02,0
2025-08-02 07:00:00,17.2,71,0.0,Sunny,2025-08-02,0
2025-08-02 08:00:00,19.0,63,0.0,Sunny,2025-08-02,0
2025-08-02 09:00:00,20.8,50,0.0,Sunny,2025-08-02,0
2025-08-02 10:00:00,22.8,40,0.0,Sunny,2025-08-02,0
2025-08-02 11:00:00,24.5,36,0.0,Sunny,2025-08-02,0
2025-08-02 12:00:00,26.7,33,0.0,Sunny,2025-08-02,0
2025-08-02 13:00:00,28.2,33,0.0,Sunny,2025-08-02,0
2025-08-02 14:00:00,29.2,34,0.0,Sunny,2025-08-02,0
2025-08-02 15:00:00,29.8,37,0.0,Sunny,2025-08-02,0
2025-08-02 16:00:00,29.0,41,0.0,Sunny,2025-08-02,0
2025-08-02 17:00:00,29.0,44,0.0,Sunny,2025-08-02,0
2025-08-02 18:00:00,28.4,45,0.0,Sunny,2025-08-02,0
2025-08-02 19:00:00,27.3,47,0.0,Sunny,2025-08-02,0
2025-08-02 20:00:00,26.0,49,0.0,Sunny,2025-08-02,0
2025-08-02 21:00:00,25.1,54,0.0,Clear,2025-08-02,0
2025-08-02 22:00:00,23.3,57,0.0,Clear,2025-08-02,0
2025-08-02 23:00:00,22.7,46,0.0,Clear,2025-08-02,0
2025-08-03 00:00:00,22.1,63,0.0,Clear,2025-08-03,0
2025-08-03 01:00:00,21.4,64,0.0,Clear,2025-08-03,0
2025-08-03 02:00:00,20.6,66,0.0,Clear,2025-08-03,0
2025-08-03 03:00:00,20.0,67,0.0,Clear,2025-08-03,0
2025-08-03 04:00:00,19.5,68,0.0,Clear,2025-08-03,0
2025-08-03 05:00:00,19.5,68,0.0,Clear,2025-08-03,0
2025-08-03 06:00:00,19.6,66,0.0,Clear,2025-08-03,0
2025-08-03 07:00:00,19.9,65,0.0,Sunny,2025-08-03,0
2025-08-03 08:00:00,22.4,64,0.0,Sunny,2025-08-03,0
2025-08-03 09:00:00,24.9,52,0.0,Sunny,2025-08-03,0
2025-08-03 10:00:00,27.3,46,0.0,Sunny,2025-08-03,0
2025-08-03 11:00:00,29.1,40,0.0,Sunny,2025-08-03,0
2025-08-03 12:00:00,30.2,40,0.0,Sunny,2025-08-03,0
2025-08-03 13:00:00,31.0,40,0.0,Sunny,2025-08-03,0
2025-08-03 14:00:00,30.8,40,0.0,Sunny,2025-08-03,0
2025-08-03 15:00:00,30.5,40,0.0,Sunny,2025-08-03,0
2025-08-03 16:00:00,30.0,40,0.0,Sunny,2025-08-03,0
2025-08-03 17:00:00,29.3,40,0.0,Partly cloudy,2025-08-03,0
2025-08-03 18:00:00,28.7,43,0.0,Partly cloudy,2025-08-03,0
2025-08-03 19:00:00,28.2,44,0.0,Partly cloudy,2025-08-03,0
2025-08-03 20:00:00,27.4,45,0.0,Partly cloudy,2025-08-03,0
2025-08-03 21:00:00,26.8,50,0.0,Partly cloudy,2025-08-03,0
2025-08-03 22:00:00,25.2,52,0.0,Partly cloudy,2025-08-03,0
2025-08-03 23:00:00,24.8,59,0.0,Clear,2025-08-03,0
2025-08-04 00:00:00,23.7,64,0.0,Clear,2025-08-04,0
2025-08-04 01:00:00,23.1,67,0.0,Clear,2025-08-04,0
2025-08-04 02:00:00,22.2,70,0.0,Clear,2025-08-04,0
2025-08-04 03:00:00,21.5,72,0.0,Clear,2025-08-04,0
2025-08-04 04:00:00,20.9,74,0.0,Clear,2025-08-04,0
2025-08-04 05:00:00,20.9,75,0.0,Clear,2025-08-04,0
2025-08-04 06:00:00,21.0,70,0.0,Clear,2025-08-04,0
2025-08-04 07:00:00,21.2,68,0.0,Sunny,2025-08-04,0
2025-08-04 08:00:00,23.3,65,0.0,Sunny,2025-08-04,0
2025-08-04 09:00:00,25.4,57,0.0,Sunny,2025-08-04,0
2025-08-04 10:00:00,27.4,52,0.0,Sunny,2025-08-04,0
2025-08-04 11:00:00,28.9,48,0.0,Sunny,2025-08-04,0
2025-08-04 12:00:00,29.9,46,0.0,Sunny,2025-08-04,0
2025-08-04 13:00:00,30.7,45,0.0,Sunny,2025-08-04,0
2025-08-04 14:00:00,30.4,44,0.0,Sunny,2025-08-04,0
2025-08-04 15:00:00,29.9,45,0.0,Sunny,2025-08-04,0
2025-08-04 16:00:00,29.3,45,0.0,Partly cloudy,2025-08-04,0
2025-08-04 17:00:00,28.6,45,0.0,Partly cloudy,2025-08-04,0
2025-08-04 18:00:00,28.1,47,0.0,Partly cloudy,2025-08-04,0
2025-08-04 19:00:00,27.6,48,0.0,Partly cloudy,2025-08-04,0
2025-08-04 20:00:00,26.8,49,0.0,Partly cloudy,2025-08-04,0
2025-08-04 21:00:00,26.2,54,0.0,Partly cloudy,2025-08-04,0
2025-08-04 22:00:00,25.7,56,0.0,Partly cloudy,2025-08-04,0
2025-08-04 23:00:00,24.8,59,0.0,Clear,2025-08-04,0
2025-08-05 00:00:00,23.1,62,0.0,Partly cloudy,2025-08-05,0
2025-08-05 01:00:00,22.4,66,0.0,Partly cloudy,2025-08-05,0
2025-08-05 02:00:00,21.7,70,0.0,Clear,2025-08-05,0
2025-08-05 03:00:00,21.2,78,0.0,Clear,2025-08-05,0
2025-08-05 04:00:00,20.8,82,0.0,Clear,2025-08-05,0
2025-08-05 05:00:00,20.6,86,0.0,Partly cloudy,2025-08-05,0
2025-08-05 06:00:00,20.6,87,0.0,Partly cloudy,2025-08-05,0
2025-08-05 07:00:00,20.6,87,0.0,Partly cloudy,2025-08-05,0
2025-08-05 08:00:00,21.6,88,0.0,Cloudy,2025-08-05,0
2025-08-05 09:00:00,22.6,76,0.0,Cloudy,2025-08-05,0
2025-08-05 10:00:00,23.6,70,0.0,Cloudy,2025-08-05,0
2025-08-05 11:00:00,24.8,64,0.0,Sunny,2025-08-05,0
2025-08-05 12:00:00,25.7,58,0.0,Sunny,2025-08-05,0
2025-08-05 13:00:00,26.5,54,0.0,Sunny,2025-08-05,0
2025-08-05 14:00:00,27.0,51,0.0,Sunny,2025-08-05,0
2025-08-05 15:00:00,27.3,49,0.0,Sunny,2025-08-05,0
2025-08-05 16:00:00,27.6,48,0.0,Sunny,2025-08-05,0
2025-08-05 17:00:00,27.0,47,0.0,Sunny,2025-08-05,0
2025-08-05 18:00:00,26.3,56,0.0,Sunny,2025-08-05,0
2025-08-05 19:00:00,25.7,61,0.0,Sunny,2025-08-05,0
2025-08-05 20:00:00,24.8,65,0.0,Sunny,2025-08-05,0
2025-08-05 21:00:00,24.2,72,0.0,Clear,2025-08-05,0
2025-08-05 22:00:00,24.4,75,0.0,Clear,2025-08-05,0
2025-08-05 23:00:00,23.6,54,0.0,Partly cloudy,2025-08-05,0
2025-08-06 00:00:00,22.8,73,0.0,Clear,2025-08-06,0
2025-08-06 01:00:00,22.5,74,0.0,Clear,2025-08-06,0
2025-08-06 02:00:00,22.2,74,0.0,Clear,2025-08-06,0
2025-08-06 03:00:00,22.0,72,0.0,Partly cloudy,2025-08-06,0
2025-08-06 04:00:00,21.8,71,0.0,Partly cloudy,2025-08-06,0
2025-08-06 05:00:00,21.6,70,0.0,Partly cloudy,2025-08-06,0
2025-08-06 06:00:00,21.5,72,0.0,Partly cloudy,2025-08-06,0
2025-08-06 07:00:00,21.4,72,0.0,Partly cloudy,2025-08-06,0
2025-08-06 08:00:00,21.5,73,0.0,Overcast,2025-08-06,0
2025-08-06 09:00:00,21.7,72,0.0,Overcast,2025-08-06,0
2025-08-06 10:00:00,21.8,72,0.0,Overcast,2025-08-06,0
2025-08-06 11:00:00,22.3,72,0.0,Cloudy,2025-08-06,0
2025-08-06 12:00:00,22.8,73,0.0,Cloudy,2025-08-06,0
2025-08-06 13:00:00,23.2,73,0.0,Cloudy,2025-08-06,0
2025-08-06 14:00:00,23.2,74,0.0,Cloudy,2025-08-06,0
2025-08-06 15:00:00,23.1,78,0.0,Cloudy,2025-08-06,0
2025-08-06 16:00:00,23.0,80,0.0,Cloudy,2025-08-06,0
2025-08-06 17:00:00,22.9,82,0.0,Cloudy,2025-08-06,0
2025-08-06 18:00:00,22.7,83,0.0,Cloudy,2025-08-06,0
2025-08-06 19:00:00,22.6,83,0.0,Cloudy,2025-08-06,0
2025-08-06 20:00:00,22.3,84,0.0,Cloudy,2025-08-06,0
2025-08-06 21:00:00,22.0,88,0.0,Cloudy,2025-08-06,0
2025-08-06 22:00:00,22.6,89,0.0,Cloudy,2025-08-06,0
2025-08-06 23:00:00,22.0,72,0.0,Clear,2025-08-06,0
2025-08-07 00:00:00,22.5,86,0.0,Cloudy,2025-08-07,0
2025-08-07 01:00:00,22.1,88,0.0,Cloudy,2025-08-07,0
2025-08-07 02:00:00,21.6,90,0.0,Clear,2025-08-07,0
2025-08-07 03:00:00,21.2,93,0.0,Partly cloudy,2025-08-07,0
2025-08-07 04:00:00,20.9,94,0.0,Cloudy,2025-08-07,0
2025-08-07 05:00:00,20.7,96,0.0,Mist,2025-08-07,0
2025-08-07 06:00:00,20.5,95,0.0,Mist,2025-08-07,0
2025-08-07 07:00:00,20.5,94,0.0,Mist,2025-08-07,0
2025-08-07 08:00:00,21.2,94,0.0,Cloudy,2025-08-07,0
2025-08-07 09:00:00,22.0,83,0.0,Cloudy,2025-08-07,0
2025-08-07 10:00:00,22.8,77,0.0,Cloudy,2025-08-07,0
2025-08-07 11:00:00,23.9,72,0.0,Partly cloudy,2025-08-07,0
2025-08-07 12:00:00,24.8,66,0.0,Partly cloudy,2025-08-07,0
2025-08-07 13:00:00,25.6,63,0.0,Partly cloudy,2025-08-07,0
2025-08-07 14:00:00,26.1,60,0.0,Partly cloudy,2025-08-07,0
2025-08-07 15:00:00,26.4,59,0.0,Partly cloudy,2025-08-07,0
2025-08-07 16:00:00,26.6,58,0.0,Partly cloudy,2025-08-07,0
2025-08-07 17:00:00,25.9,57,0.0,Partly cloudy,2025-08-07,0
2025-08-07 18:00:00,25.2,64,0.0,Partly cloudy,2025-08-07,0
2025-08-07 19:00:00,24.4,68,0.0,Partly cloudy,2025-08-07,0
2025-08-07 20:00:00,23.8,72,0.0,Partly cloudy,2025-08-07,0
2025-08-07 21:00:00,23.3,75,0.0,Partly cloudy,2025-08-07,0
2025-08-07 22:00:00,23.4,77,0.0,Partly cloudy,2025-08-07,0
2025-08-07 23:00:00,22.9,83,0.0,Cloudy,2025-08-07,0
2025-08-08 00:00:00,22.9,80,0.0,Overcast,2025-08-08,0
2025-08-08 01:00:00,22.7,80,0.0,Overcast,2025-08-08,0
2025-08-08 02:00:00,22.4,81,0.0,Overcast,2025-08-08,0
2025-08-08 03:00:00,22.0,80,0.0,Overcast,2025-08-08,0
2025-08-08 04:00:00,21.7,80,0.0,Overcast,2025-08-08,0
2025-08-08 05:00:00,21.6,79,0.0,Clear,2025-08-08,0
2025-08-08 06:00:00,21.6,78,0.0,Clear,2025-08-08,0
2025-08-08 07:00:00,21.7,77,0.0,Sunny,2025-08-08,0
2025-08-08 08:00:00,22.5,77,0.0,Sunny,2025-08-08,0
2025-08-08 09:00:00,23.3,72,0.0,Sunny,2025-08-08,0
2025-08-08 10:00:00,24.2,69,0.0,Sunny,2025-08-08,0
2025-08-08 11:00:00,25.2,67,0.0,Sunny,2025-08-08,0
2025-08-08 12:00:00,26.0,63,0.0,Sunny,2025-08-08,0
2025-08-08 13:00:00,26.8,61,0.0,Sunny,2025-08-08,0
2025-08-08 14:00:00,27.1,60,0.0,Sunny,2025-08-08,0
2025-08-08 15:00:00,27.3,60,0.0,Sunny,2025-08-08,0
2025-08-08 16:00:00,27.3,61,0.0,Sunny,2025-08-08,0
2025-08-08 17:00:00,26.9,61,0.0,Sunny,2025-08-08,0
2025-08-08 18:00:00,26.5,64,0.0,Sunny,2025-08-08,0
2025-08-08 19:00:00,26.1,66,0.0,Partly cloudy,2025-08-08,0
2025-08-08 20:00:00,25.6,68,0.0,Partly cloudy,2025-08-08,0
2025-08-08 21:00:00,25.2,71,0.0,Partly cloudy,2025-08-08,0
2025-08-08 22:00:00,24.1,73,0.0,Partly cloudy,2025-08-08,0
2025-08-08 23:00:00,24.0,79,0.0,Overcast,2025-08-08,0
2025-08-09 00:00:00,23.6,73,0.0,Clear,2025-08-09,0
2025-08-09 01:00:00,23.2,75,0.0,Clear,2025-08-09,0
2025-08-09 02:00:00,22.7,77,0.0,Clear,2025-08-09,0
2025-08-09 03:00:00,22.3,76,0.0,Clear,2025-08-09,0
2025-08-09 04:00:00,22.0,75,0.0,Clear,2025-08-09,0
2025-08-09 05:00:00,21.9,74,0.0,Clear,2025-08-09,0
2025-08-09 06:00:00,22.0,73,0.0,Clear,2025-08-09,0
2025-08-09 07:00:00,22.1,73,0.0,Sunny,2025-08-09,0
2025-08-09 08:00:00,23.7,72,0.0,Sunny,2025-08-09,0
2025-08-09 09:00:00,25.2,67,0.0,Sunny,2025-08-09,0
2025-08-09 10:00:00,26.8,64,0.0,Sunny,2025-08-09,0
2025-08-09 11:00:00,28.0,61,0.0,Sunny,2025-08-09,0
2025-08-09 12:00:00,28.9,59,0.0,Sunny,2025-08-09,0
2025-08-09 13:00:00,29.5,58,0.0,Sunny,2025-08-09,0
2025-08-09 14:00:00,29.5,57,0.0,Sunny,2025-08-09,0
2025-08-09 15:00:00,29.2,58,0.0,Cloudy,2025-08-09,0
2025-08-09 16:00:00,28.9,59,0.0,Cloudy,2025-08-09,0
2025-08-09 17:00:00,28.4,60,0.0,Overcast,2025-08-09,0
2025-08-09 18:00:00,27.9,62,0.0,Overcast,2025-08-09,0
2025-08-09 19:00:00,27.5,63,0.0,Overcast,2025-08-09,0
2025-08-09 20:00:00,26.9,64,0.0,Partly cloudy,2025-08-09,0
2025-08-09 21:00:00,26.4,68,0.0,Partly cloudy,2025-08-09,0
2025-08-09 22:00:00,25.4,70,0.0,Partly cloudy,2025-08-09,0
2025-08-09 23:00:00,25.2,70,0.0,Clear,2025-08-09,0
2025-08-10 00:00:00,25.6,72,0.0,Clear,2025-08-10,0
2025-08-10 01:00:00,25.0,74,0.0,Clear,2025-08-10,0
2025-08-10 02:00:00,24.4,76,0.0,Clear,2025-08-10,0
2025-08-10 03:00:00,24.0,79,0.0,Clear,2025-08-10,0
2025-08-10 04:00:00,23.6,81,0.0,Clear,2025-08-10,0
2025-08-10 05:00:00,23.5,82,0.0,Clear,2025-08-10,0
2025-08-10 06:00:00,23.6,80,0.0,Partly cloudy,2025-08-10,0
2025-08-10 07:00:00,23.7,80,0.0,Partly cloudy,2025-08-10,0
2025-08-10 08:00:00,25.7,79,0.0,Partly cloudy,2025-08-10,0
2025-08-10 09:00:00,27.8,70,0.0,Partly cloudy,2025-08-10,0
2025-08-10 10:00:00,29.8,66,0.0,Partly cloudy,2025-08-10,0
2025-08-10 11:00:00,30.8,62,0.0,Sunny,2025-08-10,0
2025-08-10 12:00:00,31.3,59,0.0,Sunny,2025-08-10,0
2025-08-10 13:00:00,31.5,57,0.0,Sunny,2025-08-10,0
2025-08-10 14:00:00,31.5,55,0.0,Partly cloudy,2025-08-10,0
2025-08-10 15:00:00,31.3,54,0.0,Partly cloudy,2025-08-10,0
2025-08-10 16:00:00,31.2,54,0.0,Partly cloudy,2025-08-10,0
2025-08-10 17:00:00,30.6,53,0.0,Partly cloudy,2025-08-10,0
2025-08-10 18:00:00,30.1,55,0.0,Partly cloudy,2025-08-10,0
2025-08-10 19:00:00,29.7,56,0.0,Partly cloudy,2025-08-10,0
2025-08-10 20:00:00,28.7,56,0.0,Sunny,2025-08-10,0
2025-08-10 21:00:00,27.9,62,0.0,Clear,2025-08-10,0
2025-08-10 22:00:00,27.2,65,0.0,Clear,2025-08-10,0
2025-08-10 23:00:00,26.3,68,0.0,Clear,2025-08-10,0
2025-08-11 00:00:00,25.2,73,0.0,Clear,2025-08-11,1
2025-08-11 01:00:00,24.7,75,0.0,Clear,2025-08-11,1
2025-08-11 02:00:00,24.1,77,0.0,Clear,2025-08-11,1
2025-08-11 03:00:00,23.6,81,0.0,Clear,2025-08-11,1
2025-08-11 04:00:00,23.2,83,0.0,Clear,2025-08-11,1
2025-08-11 05:00:00,23.1,85,0.0,Clear,2025-08-11,1
2025-08-11 06:00:00,23.1,84,0.0,Clear,2025-08-11,1
2025-08-11 07:00:00,23.2,83,0.0,Sunny,2025-08-11,1
2025-08-11 08:00:00,25.2,82,0.0,Sunny,2025-08-11,1
2025-08-11 09:00:00,27.1,72,0.0,Sunny,2025-08-11,1
2025-08-11 10:00:00,29.1,66,0.0,Sunny,2025-08-11,1
2025-08-11 11:00:00,30.1,61,0.0,Sunny,2025-08-11,1
2025-08-11 12:00:00,30.6,57,0.0,Sunny,2025-08-11,1
2025-08-11 13:00:00,30.9,55,0.0,Sunny,2025-08-11,1
2025-08-11 14:00:00,30.9,53,0.0,Sunny,2025-08-11,1
2025-08-11 15:00:00,30.9,52,0.0,Sunny,2025-08-11,1
2025-08-11 16:00:00,30.8,51,0.0,Sunny,2025-08-11,1
2025-08-11 17:00:00,30.3,51,0.0,Sunny,2025-08-11,1
2025-08-11 18:00:00,29.8,51,0.0,Sunny,2025-08-11,1
2025-08-11 19:00:00,29.2,52,0.0,Sunny,2025-08-11,1
2025-08-11 20:00:00,28.3,52,0.0,Sunny,2025-08-11,1
2025-08-11 21:00:00,27.4,58,0.0,Clear,2025-08-11,1
2025-08-11 22:00:00,26.6,61,0.0,Clear,2025-08-11,1
2025-08-11 23:00:00,25.7,69,0.0,Clear,2025-08-11,1
2025-08-12 00:00:00,26.4,70,0.0,Clear,2025-08-12,1
2025-08-12 01:00:00,25.8,74,0.0,Clear,2025-08-12,1
2025-08-12 02:00:00,25.2,77,0.0,Clear,2025-08-12,1
2025-08-12 03:00:00,24.8,79,0.0,Clear,2025-08-12,1
2025-08-12 04:00:00,24.4,81,0.0,Clear,2025-08-12,1
2025-08-12 05:00:00,24.2,82,0.0,Clear,2025-08-12,1
2025-08-12 06:00:00,24.2,83,0.0,Partly cloudy,2025-08-12,1
2025-08-12 07:00:00,24.4,82,0.0,Cloudy,2025-08-12,1
2025-08-12 08:00:00,25.0,82,1.0,Light rain shower,2025-08-12,1
2025-08-12 09:00:00,26.2,79,0.0,Partly cloudy,2025-08-12,1
2025-08-12 10:00:00,29.0,73,0.0,Partly cloudy,2025-08-12,1
2025-08-12 11:00:00,30.2,67,0.0,Sunny,2025-08-12,1
2025-08-12 12:00:00,30.3,63,0.0,Sunny,2025-08-12,1
2025-08-12 13:00:00,30.7,61,0.0,Partly cloudy,2025-08-12,1
2025-08-12 14:00:00,30.8,59,0.0,Partly cloudy,2025-08-12,1
2025-08-12 15:00:00,30.6,60,0.0,Thundery outbreaks possible,2025-08-12,1
2025-08-12 16:00:00,31.2,59,0.0,Partly cloudy,2025-08-12,1
2025-08-12 17:00:00,31.3,53,0.0,Sunny,2025-08-12,1
2025-08-12 18:00:00,31.1,53,0.0,Sunny,2025-08-12,1
2025-08-12 19:00:00,30.4,54,0.0,Sunny,2025-08-12,1
2025-08-12 20:00:00,29.3,58,0.0,Sunny,2025-08-12,1
2025-08-12 21:00:00,28.4,65,0.0,Clear,2025-08-12,1
2025-08-12 22:00:00,25.7,68,0.0,Clear,2025-08-12,1
2025-08-12 23:00:00,25.7,87,0.4,Patchy rain possible,2025-08-12,1
2025-08-13 00:00:00,25.4,78,0.0,Clear,2025-08-13,0
2025-08-13 01:00:00,25.1,81,0.0,Clear,2025-08-13,0
2025-08-13 02:00:00,24.6,84,0.0,Clear,2025-08-13,0
2025-08-13 03:00:00,24.2,87,0.7,Moderate rain at times,2025-08-13,0
2025-08-13 04:00:00,23.8,88,1.0,Heavy rain at times,2025-08-13,0
2025-08-13 05:00:00,23.7,89,1.4,Patchy light rain,2025-08-13,0
2025-08-13 06:00:00,23.6,87,0.7,Patchy light rain,2025-08-13,0
2025-08-13 07:00:00,23.6,85,0.3,Patchy light rain,2025-08-13,0
2025-08-13 08:00:00,24.5,84,0.0,Partly cloudy,2025-08-13,0
2025-08-13 09:00:00,25.5,76,0.0,Partly cloudy,2025-08-13,0
2025-08-13 10:00:00,26.4,72,0.0,Partly cloudy,2025-08-13,0
2025-08-13 11:00:00,27.4,68,0.0,Partly cloudy,2025-08-13,0
2025-08-13 12:00:00,28.2,62,0.0,Partly cloudy,2025-08-13,0
2025-08-13 13:00:00,28.8,59,0.0,Partly cloudy,2025-08-13,0
2025-08-13 14:00:00,28.9,57,0.0,Partly cloudy,2025-08-13,0
2025-08-13 15:00:00,28.9,55,0.0,Partly cloudy,2025-08-13,0
2025-08-13 16:00:00,28.7,54,0.0,Partly cloudy,2025-08-13,0
2025-08-13 17:00:00,28.1,54,0.0,Overcast,2025-08-13,0
2025-08-13 18:00:00,27.5,54,0.0,Overcast,2025-08-13,0
2025-08-13 19:00:00,26.9,55,0.0,Overcast,2025-08-13,0
2025-08-13 20:00:00,25.6,55,0.0,Sunny,2025-08-13,0
2025-08-13 21:00:00,24.4,59,0.0,Clear,2025-08-13,0
2025-08-13 22:00:00,25.5,61,0.0,Clear,2025-08-13,0
2025-08-13 23:00:00,23.3,72,0.0,Clear,2025-08-13,0
2025-08-14 00:00:00,22.2,71,0.0,Clear,2025-08-14,0
2025-08-14 01:00:00,21.5,78,0.0,Clear,2025-08-14,0
2025-08-14 02:00:00,20.9,82,0.0,Clear,2025-08-14,0
2025-08-14 03:00:00,20.3,85,0.0,Clear,2025-08-14,0
2025-08-14 04:00:00,19.9,88,0.0,Clear,2025-08-14,0
2025-08-14 05:00:00,19.6,91,0.0,Partly cloudy,2025-08-14,0
2025-08-14 06:00:00,19.5,93,0.0,Partly cloudy,2025-08-14,0
2025-08-14 07:00:00,20.0,92,0.0,Cloudy,2025-08-14,0
2025-08-14 08:00:00,20.9,85,0.0,Cloudy,2025-08-14,0
2025-08-14 09:00:00,22.0,75,0.0,Cloudy,2025-08-14,0
2025-08-14 10:00:00,23.3,66,0.0,Cloudy,2025-08-14,0
2025-08-14 11:00:00,26.2,60,0.0,Partly cloudy,2025-08-14,0
2025-08-14 12:00:00,28.1,54,0.0,Sunny,2025-08-14,0
2025-08-14 13:00:00,28.3,51,0.0,Sunny,2025-08-14,0
2025-08-14 14:00:00,28.4,50,0.0,Partly cloudy,2025-08-14,0
2025-08-14 15:00:00,28.3,49,0.0,Partly cloudy,2025-08-14,0
2025-08-14 16:00:00,27.9,50,0.0,Partly cloudy,2025-08-14,0
2025-08-14 17:00:00,27.6,51,0.0,Partly cloudy,2025-08-14,0
2025-08-14 18:00:00,27.3,52,0.0,Partly cloudy,2025-08-14,0
2025-08-14 19:00:00,26.9,52,0.0,Partly cloudy,2025-08-14,0
2025-08-14 20:00:00,26.3,54,0.0,Sunny,2025-08-14,0
2025-08-14 21:00:00,25.7,58,0.0,Clear,2025-08-14,0
2025-08-14 22:00:00,25.0,59,0.0,Clear,2025-08-14,0
2025-08-14 23:00:00,24.3,59,0.0,Clear,2025-08-14,0
2025-08-15 00:00:00,23.5,58,0.0,Clear,2025-08-15,0
2025-08-15 01:00:00,22.9,59,0.0,Clear,2025-08-15,0
2025-08-15 02:00:00,22.4,61,0.0,Clear,2025-08-15,0
2025-08-15 03:00:00,22.1,67,0.0,Clear,2025-08-15,0
2025-08-15 04:00:00,21.9,71,0.0,Clear,2025-08-15,0
2025-08-15 05:00:00,21.9,74,0.0,Clear,2025-08-15,0
2025-08-15 06:00:00,21.9,74,0.0,Clear,2025-08-15,0
2025-08-15 07:00:00,22.0,74,0.0,Sunny,2025-08-15,0
2025-08-15 08:00:00,23.1,75,0.0,Sunny,2025-08-15,0
2025-08-15 09:00:00,24.1,70,0.0,Sunny,2025-08-15,0
2025-08-15 10:00:00,25.1,67,0.0,Sunny,2025-08-15,0
2025-08-15 11:00:00,26.6,65,0.0,Sunny,2025-08-15,0
2025-08-15 12:00:00,27.9,58,0.0,Sunny,2025-08-15,0
2025-08-15 13:00:00,29.0,54,0.0,Sunny,2025-08-15,0
2025-08-15 14:00:00,29.5,50,0.0,Sunny,2025-08-15,0
2025-08-15 15:00:00,29.8,48,0.0,Sunny,2025-08-15,0
2025-08-15 16:00:00,29.8,47,0.0,Sunny,2025-08-15,0
2025-08-15 17:00:00,28.8,46,0.0,Sunny,2025-08-15,0
2025-08-15 18:00:00,27.7,48,0.0,Sunny,2025-08-15,0
2025-08-15 19:00:00,26.6,50,0.0,Sunny,2025-08-15,0
2025-08-15 20:00:00,25.6,51,0.0,Sunny,2025-08-15,0
2025-08-15 21:00:00,24.9,58,0.0,Clear,2025-08-15,0
2025-08-15 22:00:00,24.2,61,0.0,Clear,2025-08-15,0
2025-08-15 23:00:00,23.7,67,0.0,Clear,2025-08-15,0
2025-08-16 00:00:00,24.1,75,0.0,Clear,2025-08-16,1
2025-08-16 01:00:00,23.8,78,0.0,Clear,2025-08-16,1
2025-08-16 02:00:00,23.3,81,0.0,Clear,2025-08-16,1
2025-08-16 03:00:00,23.0,83,0.0,Clear,2025-08-16,1
2025-08-16 04:00:00,22.6,83,0.0,Clear,2025-08-16,1
2025-08-16 05:00:00,22.6,84,0.0,Clear,2025-08-16,1
2025-08-16 06:00:00,22.7,83,0.0,Clear,2025-08-16,1
2025-08-16 07:00:00,22.8,82,0.0,Sunny,2025-08-16,1
2025-08-16 08:00:00,24.7,81,0.0,Sunny,2025-08-16,1
2025-08-16 09:00:00,26.6,71,0.0,Sunny,2025-08-16,1
2025-08-16 10:00:00,28.4,66,0.0,Sunny,2025-08-16,1
2025-08-16 11:00:00,30.0,60,0.0,Sunny,2025-08-16,1
2025-08-16 12:00:00,31.1,55,0.0,Sunny,2025-08-16,1
2025-08-16 13:00:00,32.0,52,0.0,Sunny,2025-08-16,1
2025-08-16 14:00:00,32.1,49,0.0,Sunny,2025-08-16,1
2025-08-16 15:00:00,32.0,48,0.0,Sunny,2025-08-16,1
2025-08-16 16:00:00,31.7,48,0.0,Sunny,2025-08-16,1
2025-08-16 17:00:00,31.0,48,0.0,Sunny,2025-08-16,1
2025-08-16 18:00:00,30.4,52,0.0,Sunny,2025-08-16,1
2025-08-16 19:00:00,29.7,54,0.0,Sunny,2025-08-16,1
2025-08-16 20:00:00,29.0,56,0.0,Sunny,2025-08-16,1
2025-08-16 21:00:00,28.4,61,0.0,Clear,2025-08-16,1
2025-08-16 22:00:00,26.5,64,0.0,Clear,2025-08-16,1
2025-08-16 23:00:00,26.5,70,0.0,Clear,2025-08-16,1
2025-08-17 00:00:00,25.9,69,0.0,Overcast,2025-08-17,0
2025-08-17 01:00:00,25.3,70,0.0,Overcast,2025-08-17,0
2025-08-17 02:00:00,24.6,77,0.0,Partly cloudy,2025-08-17,0
2025-08-17 03:00:00,23.9,82,0.0,Clear,2025-08-17,0
2025-08-17 04:00:00,24.0,83,0.0,Partly cloudy,2025-08-17,0
2025-08-17 05:00:00,23.8,76,2.7,Moderate or heavy rain shower,2025-08-17,0
2025-08-17 06:00:00,22.9,80,0.0,Overcast,2025-08-17,0
2025-08-17 07:00:00,22.6,93,0.0,Overcast,2025-08-17,0
2025-08-17 08:00:00,22.8,93,8.0,Torrential rain shower,2025-08-17,0
2025-08-17 09:00:00,22.9,91,0.0,Overcast,2025-08-17,0
2025-08-17 10:00:00,24.0,90,0.0,Cloudy,2025-08-17,0
2025-08-17 11:00:00,24.2,81,0.0,Cloudy,2025-08-17,0
2025-08-17 12:00:00,23.6,86,0.0,Cloudy,2025-08-17,0
2025-08-17 13:00:00,23.9,89,0.0,Overcast,2025-08-17,0
2025-08-17 14:00:00,23.7,74,1.9,Light rain,2025-08-17,0
2025-08-17 15:00:00,23.7,69,0.0,Overcast,2025-08-17,0
2025-08-17 16:00:00,23.6,64,0.0,Cloudy,2025-08-17,0
2025-08-17 17:00:00,24.0,59,0.0,Cloudy,2025-08-17,0
2025-08-17 18:00:00,24.3,56,0.0,Partly cloudy,2025-08-17,0
2025-08-17 19:00:00,23.9,54,0.0,Sunny,2025-08-17,0
2025-08-17 20:00:00,23.4,55,0.0,Partly cloudy,2025-08-17,0
2025-08-17 21:00:00,22.7,55,0.0,Partly cloudy,2025-08-17,0
2025-08-17 22:00:00,21.8,55,0.0,Partly cloudy,2025-08-17,0
2025-08-17 23:00:00,20.4,55,0.0,Partly cloudy,2025-08-17,0
2025-08-18 00:00:00,19.2,56,0.0,Clear,2025-08-18,0
2025-08-18 01:00:00,18.3,56,0.0,Clear,2025-08-18,0
2025-08-18 02:00:00,17.5,54,0.0,Clear,2025-08-18,0
2025-08-18 03:00:00,16.9,55,0.0,Clear,2025-08-18,0
2025-08-18 04:00:00,16.4,56,0.0,Clear,2025-08-18,0
2025-08-18 05:00:00,16.0,57,0.0,Clear,2025-08-18,0
2025-08-18 06:00:00,15.7,58,0.0,Clear,2025-08-18,0
2025-08-18 07:00:00,15.9,60,0.0,Sunny,2025-08-18,0
2025-08-18 08:00:00,16.4,58,0.0,Partly cloudy,2025-08-18,0
2025-08-18 09:00:00,17.0,56,0.0,Partly cloudy,2025-08-18,0
2025-08-18 10:00:00,18.3,56,0.0,Sunny,2025-08-18,0
2025-08-18 11:00:00,19.4,56,0.0,Sunny,2025-08-18,0
2025-08-18 12:00:00,21.2,55,0.0,Sunny,2025-08-18,0
2025-08-18 13:00:00,22.3,53,0.0,Sunny,2025-08-18,0
2025-08-18 14:00:00,23.0,52,0.0,Sunny,2025-08-18,0
2025-08-18 15:00:00,23.4,50,0.0,Sunny,2025-08-18,0
2025-08-18 16:00:00,23.7,48,0.0,Sunny,2025-08-18,0
2025-08-18 17:00:00,23.8,46,0.0,Sunny,2025-08-18,0
2025-08-18 18:00:00,23.6,46,0.0,Sunny,2025-08-18,0
2025-08-18 19:00:00,21.5,48,0.0,Sunny,2025-08-18,0
2025-08-18 20:00:00,20.5,52,0.0,Sunny,2025-08-18,0
2025-08-18 21:00:00,19.9,55,0.0,Clear,2025-08-18,0
2025-08-18 22:00:00,19.5,57,0.0,Clear,2025-08-18,0
2025-08-18 23:00:00,19.3,51,0.0,Clear,2025-08-18,0
2025-08-19 00:00:00,19.2,62,0.0,Clear,2025-08-19,0
2025-08-19 01:00:00,19.0,64,0.0,Clear,2025-08-19,0
2025-08-19 02:00:00,19.0,65,0.0,Partly cloudy,2025-08-19,0
2025-08-19 03:00:00,18.9,67,0.0,Partly cloudy,2025-08-19,0
2025-08-19 04:00:00,18.9,69,0.0,Partly cloudy,2025-08-19,0
2025-08-19 05:00:00,19.1,70,0.0,Clear,2025-08-19,0
2025-08-19 06:00:00,19.3,75,0.0,Partly cloudy,2025-08-19,0
2025-08-19 07:00:00,19.4,77,0.0,Partly cloudy,2025-08-19,0
2025-08-19 08:00:00,20.2,80,0.0,Partly cloudy,2025-08-19,0
2025-08-19 09:00:00,20.9,79,0.0,Partly cloudy,2025-08-19,0
2025-08-19 10:00:00,21.5,79,0.0,Partly cloudy,2025-08-19,0
2025-08-19 11:00:00,22.5,79,0.0,Cloudy,2025-08-19,0
2025-08-19 12:00:00,23.3,73,0.0,Cloudy,2025-08-19,0
2025-08-19 13:00:00,24.1,70,0.0,Cloudy,2025-08-19,0
2025-08-19 14:00:00,24.3,67,0.0,Partly cloudy,2025-08-19,0
2025-08-19 15:00:00,24.4,69,0.0,Partly cloudy,2025-08-19,0
2025-08-19 16:00:00,24.3,69,0.0,Partly cloudy,2025-08-19,0
2025-08-19 17:00:00,24.2,70,0.0,Cloudy,2025-08-19,0
2025-08-19 18:00:00,24.1,71,0.0,Cloudy,2025-08-19,0
2025-08-19 19:00:00,24.0,71,0.0,Cloudy,2025-08-19,0
2025-08-19 20:00:00,23.2,71,0.0,Overcast,2025-08-19,0
2025-08-19 21:00:00,22.4,78,0.0,Overcast,2025-08-19,0
2025-08-19 22:00:00,20.9,81,0.0,Overcast,2025-08-19,0
2025-08-19 23:00:00,20.9,59,0.0,Clear,2025-08-19,0
2025-08-20 00:00:00,20.6,98,0.0,Overcast,2025-08-20,0
2025-08-20 01:00:00,20.4,97,0.0,Overcast,2025-08-20,0
2025-08-20 02:00:00,20.2,96,19.6,Heavy rain,2025-08-20,0
2025-08-20 03:00:00,20.2,96,0.0,Overcast,2025-08-20,0
2025-08-20 04:00:00,20.1,96,0.0,Overcast,2025-08-20,0
2025-08-20 05:00:00,20.2,96,1.8,Light rain,2025-08-20,0
2025-08-20 06:00:00,20.2,95,0.0,Overcast,2025-08-20,0
2025-08-20 07:00:00,20.3,94,0.0,Overcast,2025-08-20,0
2025-08-20 08:00:00,20.2,94,0.0,Overcast,2025-08-20,0
2025-08-20 09:00:00,20.3,93,0.0,Overcast,2025-08-20,0
2025-08-20 10:00:00,20.3,92,0.0,Overcast,2025-08-20,0
2025-08-20 11:00:00,20.7,90,0.0,Overcast,2025-08-20,0
2025-08-20 12:00:00,21.0,88,0.0,Overcast,2025-08-20,0
2025-08-20 13:00:00,21.2,86,0.0,Overcast,2025-08-20,0
2025-08-20 14:00:00,21.4,85,0.0,Overcast,2025-08-20,0
2025-08-20 15:00:00,21.4,85,0.0,Overcast,2025-08-20,0
2025-08-20 16:00:00,21.1,86,0.0,Overcast,2025-08-20,0
2025-08-20 17:00:00,20.7,86,0.0,Overcast,2025-08-20,0
2025-08-20 18:00:00,20.3,86,0.0,Overcast,2025-08-20,0
2025-08-20 19:00:00,19.5,87,0.0,Overcast,2025-08-20,0
2025-08-20 20:00:00,18.9,88,0.0,Overcast,2025-08-20,0
2025-08-20 21:00:00,18.6,89,0.0,Overcast,2025-08-20,0
2025-08-20 22:00:00,18.2,89,0.0,Overcast,2025-08-20,0
2025-08-20 23:00:00,18.0,82,0.0,Patchy rain possible,2025-08-20,0
2025-08-21 00:00:00,17.8,89,0.0,Overcast,2025-08-21,0
2025-08-21 01:00:00,17.7,89,0.0,Overcast,2025-08-21,0
2025-08-21 02:00:00,17.4,89,0.0,Overcast,2025-08-21,0
2025-08-21 03:00:00,17.1,90,0.0,Overcast,2025-08-21,0
2025-08-21 04:00:00,16.8,90,0.0,Overcast,2025-08-21,0
2025-08-21 05:00:00,16.6,91,0.0,Overcast,2025-08-21,0
2025-08-21 06:00:00,16.5,89,0.0,Overcast,2025-08-21,0
2025-08-21 07:00:00,16.3,89,0.0,Overcast,2025-08-21,0
2025-08-21 08:00:00,16.7,88,0.0,Overcast,2025-08-21,0
2025-08-21 09:00:00,17.1,84,0.0,Overcast,2025-08-21,0
2025-08-21 10:00:00,17.6,82,0.0,Overcast,2025-08-21,0
2025-08-21 11:00:00,18.5,80,0.0,Overcast,2025-08-21,0
2025-08-21 12:00:00,19.3,75,0.0,Overcast,2025-08-21,0
2025-08-21 13:00:00,20.1,73,0.0,Overcast,2025-08-21,0
2025-08-21 14:00:00,20.9,70,0.0,Partly cloudy,2025-08-21,0
2025-08-21 15:00:00,21.6,68,0.0,Partly cloudy,2025-08-21,0
2025-08-21 16:00:00,22.1,66,0.0,Partly cloudy,2025-08-21,0
2025-08-21 17:00:00,21.8,65,0.0,Sunny,2025-08-21,0
2025-08-21 18:00:00,21.5,70,0.0,Sunny,2025-08-21,0
2025-08-21 19:00:00,21.0,72,0.0,Sunny,2025-08-21,0
2025-08-21 20:00:00,20.6,74,0.0,Sunny,2025-08-21,0
2025-08-21 21:00:00,20.3,79,0.0,Clear,2025-08-21,0
2025-08-21 22:00:00,19.2,82,0.0,Clear,2025-08-21,0
2025-08-21 23:00:00,19.3,89,0.0,Overcast,2025-08-21,0
2025-08-22 00:00:00,20.7,73,0.0,Partly cloudy,2025-08-22,0
2025-08-22 01:00:00,20.5,75,0.0,Partly cloudy,2025-08-22,0
2025-08-22 02:00:00,19.8,76,0.0,Clear,2025-08-22,0
2025-08-22 03:00:00,19.2,83,0.0,Clear,2025-08-22,0
2025-08-22 04:00:00,18.5,87,0.0,Clear,2025-08-22,0
2025-08-22 05:00:00,17.9,90,0.0,Clear,2025-08-22,0
2025-08-22 06:00:00,17.5,92,0.0,Partly cloudy,2025-08-22,0
2025-08-22 07:00:00,17.1,92,0.0,Partly cloudy,2025-08-22,0
2025-08-22 08:00:00,18.9,93,0.0,Partly cloudy,2025-08-22,0
2025-08-22 09:00:00,20.7,81,0.0,Partly cloudy,2025-08-22,0
2025-08-22 10:00:00,22.7,74,0.0,Partly cloudy,2025-08-22,0
2025-08-22 11:00:00,24.7,68,0.0,Sunny,2025-08-22,0
2025-08-22 12:00:00,26.3,59,0.0,Sunny,2025-08-22,0
2025-08-22 13:00:00,27.6,55,0.0,Sunny,2025-08-22,0
2025-08-22 14:00:00,27.6,50,0.0,Sunny,2025-08-22,0
2025-08-22 15:00:00,27.4,51,0.0,Sunny,2025-08-22,0
2025-08-22 16:00:00,26.9,51,0.0,Partly cloudy,2025-08-22,0
2025-08-22 17:00:00,26.1,52,0.0,Partly cloudy,2025-08-22,0
2025-08-22 18:00:00,25.5,55,0.0,Partly cloudy,2025-08-22,0
2025-08-22 19:00:00,24.8,56,0.0,Partly cloudy,2025-08-22,0
2025-08-22 20:00:00,24.3,58,0.0,Cloudy,2025-08-22,0
2025-08-22 21:00:00,23.9,64,0.0,Cloudy,2025-08-22,0
2025-08-22 22:00:00,22.8,67,0.0,Cloudy,2025-08-22,0
2025-08-22 23:00:00,22.7,71,0.0,Partly cloudy,2025-08-22,0
2025-08-23 00:00:00,22.8,73,0.0,Cloudy,2025-08-23,0
2025-08-23 01:00:00,22.1,75,0.0,Partly cloudy,2025-08-23,0
2025-08-23 02:00:00,21.5,78,0.0,Partly cloudy,2025-08-23,0
2025-08-23 03:00:00,21.0,82,0.0,Clear,2025-08-23,0
2025-08-23 04:00:00,20.0,85,0.0,Clear,2025-08-23,0
2025-08-23 05:00:00,19.4,81,0.0,Clear,2025-08-23,0
2025-08-23 06:00:00,19.1,81,0.0,Clear,2025-08-23,0
2025-08-23 07:00:00,19.3,82,0.0,Sunny,2025-08-23,0
2025-08-23 08:00:00,20.2,79,0.0,Partly cloudy,2025-08-23,0
2025-08-23 09:00:00,21.4,75,0.0,Cloudy,2025-08-23,0
2025-08-23 10:00:00,22.6,71,0.0,Overcast,2025-08-23,0
2025-08-23 11:00:00,23.8,68,0.0,Overcast,2025-08-23,0
2025-08-23 12:00:00,24.4,66,0.0,Overcast,2025-08-23,0
2025-08-23 13:00:00,25.2,67,0.0,Overcast,2025-08-23,0
2025-08-23 14:00:00,25.6,63,0.0,Overcast,2025-08-23,0
2025-08-23 15:00:00,25.5,65,0.0,Overcast,2025-08-23,0
2025-08-23 16:00:00,25.6,67,0.0,Overcast,2025-08-23,0
2025-08-23 17:00:00,25.8,65,0.0,Overcast,2025-08-23,0
2025-08-23 18:00:00,25.6,63,0.0,Overcast,2025-08-23,0
2025-08-23 19:00:00,25.0,65,0.0,Partly cloudy,2025-08-23,0
2025-08-23 20:00:00,24.3,69,0.0,Sunny,2025-08-23,0
2025-08-23 21:00:00,23.8,70,0.0,Partly cloudy,2025-08-23,0
2025-08-23 22:00:00,23.2,71,0.0,Partly cloudy,2025-08-23,0
2025-08-23 23:00:00,22.5,72,0.0,Partly cloudy,2025-08-23,0
2025-08-24 00:00:00,22.0,76,0.0,Clear,2025-08-24,0
2025-08-24 01:00:00,21.5,79,0.0,Partly cloudy,2025-08-24,0
2025-08-24 02:00:00,21.2,82,0.0,Partly cloudy,2025-08-24,0
2025-08-24 03:00:00,20.8,85,0.0,Partly cloudy,2025-08-24,0
2025-08-24 04:00:00,20.2,88,0.0,Clear,2025-08-24,0
2025-08-24 05:00:00,19.7,88,0.0,Clear,2025-08-24,0
2025-08-24 06:00:00,19.3,85,0.0,Partly cloudy,2025-08-24,0
2025-08-24 07:00:00,19.2,81,0.0,Partly cloudy,2025-08-24,0
2025-08-24 08:00:00,19.7,77,0.0,Sunny,2025-08-24,0
2025-08-24 09:00:00,20.6,68,0.0,Sunny,2025-08-24,0
2025-08-24 10:00:00,22.7,56,0.0,Sunny,2025-08-24,0
2025-08-24 11:00:00,24.0,49,0.0,Sunny,2025-08-24,0
2025-08-24 12:00:00,24.5,46,0.0,Sunny,2025-08-24,0
2025-08-24 13:00:00,24.8,45,0.0,Sunny,2025-08-24,0
2025-08-24 14:00:00,24.6,46,0.0,Partly cloudy,2025-08-24,0
2025-08-24 15:00:00,24.4,50,0.0,Partly cloudy,2025-08-24,0
2025-08-24 16:00:00,24.2,52,0.0,Partly cloudy,2025-08-24,0
2025-08-24 17:00:00,23.9,54,0.0,Cloudy,2025-08-24,0
2025-08-24 18:00:00,23.6,53,0.0,Cloudy,2025-08-24,0
2025-08-24 19:00:00,23.3,53,0.0,Cloudy,2025-08-24,0
2025-08-24 20:00:00,22.0,53,0.0,Partly cloudy,2025-08-24,0
2025-08-24 21:00:00,20.8,68,0.7,Moderate rain at times,2025-08-24,0
2025-08-24 22:00:00,19.9,75,1.0,Heavy rain at times,2025-08-24,0
2025-08-24 23:00:00,19.4,63,0.0,Patchy rain possible,2025-08-24,0
2025-08-25 00:00:00,19.2,78,0.7,Light rain,2025-08-25,0
2025-08-25 01:00:00,19.2,75,0.3,Light rain,2025-08-25,0
2025-08-25 02:00:00,18.7,73,0.0,Partly cloudy,2025-08-25,0
2025-08-25 03:00:00,18.1,77,0.0,Partly cloudy,2025-08-25,0
2025-08-25 04:00:00,17.6,79,0.0,Partly cloudy,2025-08-25,0
2025-08-25 05:00:00,17.2,82,0.0,Clear,2025-08-25,0
2025-08-25 06:00:00,16.9,81,0.0,Clear,2025-08-25,0
2025-08-25 07:00:00,16.7,80,0.0,Partly cloudy,2025-08-25,0
2025-08-25 08:00:00,17.6,80,0.0,Partly cloudy,2025-08-25,0
2025-08-25 09:00:00,18.5,69,0.0,Partly cloudy,2025-08-25,0
2025-08-25 10:00:00,19.4,63,0.0,Partly cloudy,2025-08-25,0
2025-08-25 11:00:00,20.5,58,0.0,Sunny,2025-08-25,0
2025-08-25 12:00:00,21.4,52,0.0,Sunny,2025-08-25,0
2025-08-25 13:00:00,22.2,49,0.0,Partly cloudy,2025-08-25,0
2025-08-25 14:00:00,22.4,46,0.0,Partly cloudy,2025-08-25,0
2025-08-25 15:00:00,22.4,47,0.0,Partly cloudy,2025-08-25,0
2025-08-25 16:00:00,22.3,47,0.0,Partly cloudy,2025-08-25,0
2025-08-25 17:00:00,21.4,47,0.0,Partly cloudy,2025-08-25,0
2025-08-25 18:00:00,20.5,53,0.0,Partly cloudy,2025-08-25,0
2025-08-25 19:00:00,19.7,56,0.0,Partly cloudy,2025-08-25,0
2025-08-25 20:00:00,18.7,59,0.0,Partly cloudy,2025-08-25,0
2025-08-25 21:00:00,18.0,63,0.0,Partly cloudy,2025-08-25,0
2025-08-25 22:00:00,18.2,65,0.0,Partly cloudy,2025-08-25,0
2025-08-25 23:00:00,17.1,83,1.4,Light rain,2025-08-25,0
2025-08-26 00:00:00,16.5,61,0.0,Clear,2025-08-26,0
2025-08-26 01:00:00,16.2,63,0.0,Clear,2025-08-26,0
2025-08-26 02:00:00,15.7,64,0.0,Clear,2025-08-26,0
2025-08-26 03:00:00,15.1,67,0.0,Clear,2025-08-26,0
2025-08-26 04:00:00,14.5,71,0.0,Clear,2025-08-26,0
2025-08-26 05:00:00,13.8,82,0.0,Clear,2025-08-26,0
2025-08-26 06:00:00,13.1,85,0.0,Clear,2025-08-26,0
2025-08-26 07:00:00,13.0,88,0.0,Sunny,2025-08-26,0
2025-08-26 08:00:00,13.4,86,0.0,Partly cloudy,2025-08-26,0
2025-08-26 09:00:00,14.4,83,0.0,Partly cloudy,2025-08-26,0
2025-08-26 10:00:00,16.8,76,0.0,Sunny,2025-08-26,0
2025-08-26 11:00:00,18.5,55,0.0,Sunny,2025-08-26,0
2025-08-26 12:00:00,19.9,48,0.0,Partly cloudy,2025-08-26,0
2025-08-26 13:00:00,20.7,46,0.0,Partly cloudy,2025-08-26,0
2025-08-26 14:00:00,21.1,46,0.0,Partly cloudy,2025-08-26,0
2025-08-26 15:00:00,21.5,45,0.0,Cloudy,2025-08-26,0
2025-08-26 16:00:00,21.4,44,0.0,Partly cloudy,2025-08-26,0
2025-08-26 17:00:00,21.0,46,0.0,Cloudy,2025-08-26,0
2025-08-26 18:00:00,20.4,49,0.0,Overcast,2025-08-26,0
2025-08-26 19:00:00,19.3,53,0.0,Partly cloudy,2025-08-26,0
2025-08-26 20:00:00,18.4,59,0.0,Cloudy,2025-08-26,0
2025-08-26 21:00:00,17.9,62,0.0,Overcast,2025-08-26,0
2025-08-26 22:00:00,17.3,62,0.0,Cloudy,2025-08-26,0
2025-08-26 23:00:00,16.8,63,0.0,Clear,2025-08-26,0
2025-08-27 00:00:00,16.2,64,0.0,Clear,2025-08-27,0
2025-08-27 01:00:00,15.5,66,0.0,Clear,2025-08-27,0
2025-08-27 02:00:00,14.8,68,0.0,Clear,2025-08-27,0
2025-08-27 03:00:00,14.3,69,0.0,Clear,2025-08-27,0
2025-08-27 04:00:00,13.8,70,0.0,Clear,2025-08-27,0
2025-08-27 05:00:00,13.4,71,0.0,Clear,2025-08-27,0
2025-08-27 06:00:00,13.3,72,0.0,Partly cloudy,2025-08-27,0
2025-08-27 07:00:00,13.8,71,0.0,Partly cloudy,2025-08-27,0
2025-08-27 08:00:00,15.1,67,0.0,Sunny,2025-08-27,0
2025-08-27 09:00:00,16.7,60,0.0,Sunny,2025-08-27,0
2025-08-27 10:00:00,18.9,55,0.0,Sunny,2025-08-27,0
2025-08-27 11:00:00,19.8,47,0.0,Sunny,2025-08-27,0
2025-08-27 12:00:00,20.8,43,0.0,Partly cloudy,2025-08-27,0
2025-08-27 13:00:00,21.5,40,0.0,Partly cloudy,2025-08-27,0
2025-08-27 14:00:00,22.1,38,0.0,Partly cloudy,2025-08-27,0
2025-08-27 15:00:00,22.5,37,0.0,Partly cloudy,2025-08-27,0
2025-08-27 16:00:00,22.8,37,0.0,Partly cloudy,2025-08-27,0
2025-08-27 17:00:00,22.7,38,0.0,Partly cloudy,2025-08-27,0
2025-08-27 18:00:00,23.4,38,0.0,Partly cloudy,2025-08-27,0
2025-08-27 19:00:00,22.2,38,0.0,Sunny,2025-08-27,0
2025-08-27 20:00:00,20.9,39,0.0,Sunny,2025-08-27,0
2025-08-27 21:00:00,20.0,45,0.0,Clear,2025-08-27,0
2025-08-27 22:00:00,18.8,48,0.0,Clear,2025-08-27,0
2025-08-27 23:00:00,18.5,34,0.0,Clear,2025-08-27,0
